,MSolutions,Nova
Spread Buy,9.499999999995623e-05,7.00000000000145e-05
Spread Sell,-0.0001100000000000545,-2.999999999997449e-05
Close Spread Buy,-0.00010999999999983245,-9.999999999998899e-05
Close Spread Sell,8.000000000008001e-05,8.000000000008001e-05
